{
    "package_name": "dreamhouse",
    "package_type": "unlocked",
    "package_version_number": "3.0.0.6",
    "sourceVersion": "b3f78775602b52c7bb20515aed46919e03cf8d53",
    "repository_url": "https://github.com/dreamhouseapp/dreamhouse-sfdx.git",
    "payload": {
        "Package": {
            "$": {
                "xmlns": "http://soap.sforce.com/2006/04/metadata"
            },
            "types": [
                {
                    "name": "CustomApplication",
                    "members": "DreamHouse"
                },
                {
                    "name": "AuraDefinitionBundle",
                    "members": [
                        "Bot",
                        "BrokerDetails",
                        "EinsteinVisionDashboard",
                        "EinsteinVisionDataset",
                        "EinsteinVisionDatasetEvent",
                        "EinsteinVisionEvent",
                        "Map",
                        "MapCard",
                        "MortgageAmortizationChart",
                        "MortgageCalcWithAmortization",
                        "MortgageCalculator",
                        "MortgageChange",
                        "PageTemplate_2_6_4",
                        "PageTemplate_2_7_3",
                        "PictureCarousel",
                        "PictureGalleryCard",
                        "PriceRange",
                        "PropertyCarousel",
                        "PropertyDaysOnMarketChart",
                        "PropertyFilterChange",
                        "PropertyFilters",
                        "PropertyListMap",
                        "PropertyPageChange",
                        "PropertyPaginator",
                        "PropertySummary",
                        "PropertyTile",
                        "PropertyTileList",
                        "RangeChange",
                        "RecordMap",
                        "SampleDataImporter",
                        "SimilarProperties",
                        "SmartHome",
                        "SmartHomeCard",
                        "SmartLights",
                        "SmartLocks",
                        "SmartThermostat",
                        "VisualSearchBox",
                        "VisualSearchEvent",
                        "VoiceInput",
                        "VoiceInputCard",
                        "VoiceInputChangeEvent"
                    ]
                },
                {
                    "name": "ApexClass",
                    "members": [
                        "BotController",
                        "BotField",
                        "BotHandler",
                        "BotItem",
                        "BotMessage",
                        "BotMessageButton",
                        "BotRecord",
                        "BotResponse",
                        "BotTest",
                        "EinsteinVisionController",
                        "EinsteinVisionControllerTest",
                        "HandlerAddTwoNumbers",
                        "HandlerCostCenter",
                        "HandlerDashboard",
                        "HandlerEmployeeId",
                        "HandlerFileUpload",
                        "HandlerFindAccount",
                        "HandlerFindContact",
                        "HandlerFindProperties",
                        "HandlerFindPropertiesByBedrooms",
                        "HandlerHello",
                        "HandlerHelp",
                        "HandlerHelpTopic",
                        "HandlerImageBasedSearch",
                        "HandlerMyOpenCases",
                        "HandlerNext",
                        "HandlerPipeline",
                        "HandlerQuarter",
                        "HandlerReport",
                        "HandlerSOQL",
                        "HandlerTopOpportunities",
                        "HandlerTravelApproval",
                        "HttpFormBuilder",
                        "JWT",
                        "JWTBearerFlow",
                        "LIFXController",
                        "LIFXControllerTest",
                        "PostPriceChangeToSlack",
                        "PostPriceChangeToSlackTest",
                        "PropertyController",
                        "PropertyControllerTest",
                        "PropertyListPage",
                        "PushPriceChangeNotification",
                        "PushPriceChangeNotificationTest",
                        "RejectDuplicateFavoriteTest",
                        "SampleDataController",
                        "SlackOpportunityPublisher",
                        "SlackOpportunityPublisherTest"
                    ]
                },
                {
                    "name": "ContentAsset",
                    "members": "dreamhouselogosquare"
                },
                {
                    "name": "Dashboard",
                    "members": [
                        "DreamHouse_Dashboards",
                        "DreamHouse_Dashboards/PwhxKrnFNjvWCIHRklHhRcEIEyIIBm"
                    ]
                },
                {
                    "name": "FlexiPage",
                    "members": [
                        "Broker_Record_Page",
                        "Einstein_Vision",
                        "Property_Explorer",
                        "Property_Finder",
                        "Property_Record_Page",
                        "Sample_Data_Import",
                        "dreamhouseApplicationUtilityBar"
                    ]
                },
                {
                    "name": "Flow",
                    "members": [
                        "Advertise_New_Property",
                        "Opportunity_Status_Change",
                        "Post_Price_Changes_to_Slack",
                        "Price_Change_Push_Notification"
                    ]
                },
                {
                    "name": "Layout",
                    "members": [
                        "Bot_Command__c-Bot Action Layout",
                        "Broker__c-Broker Layout",
                        "Property_Favorite__c-Favorite Layout",
                        "Property__c-Property Layout"
                    ]
                },
                {
                    "name": "CustomObject",
                    "members": [
                        "Bot_Command__c",
                        "Broker__c",
                        "Contact",
                        "Dreamhouse_Settings__c",
                        "Property_Favorite__c",
                        "Property__c"
                    ]
                },
                {
                    "name": "CustomField",
                    "members": [
                        "Bot_Command__c.Active__c",
                        "Bot_Command__c.Apex_Class__c",
                        "Bot_Command__c.Pattern__c",
                        "Bot_Command__c.Sample_Utterance__c",
                        "Broker__c.Broker_Id__c",
                        "Broker__c.Email__c",
                        "Broker__c.Mobile_Phone__c",
                        "Broker__c.Phone__c",
                        "Broker__c.Picture_IMG__c",
                        "Broker__c.Picture__c",
                        "Broker__c.Title__c",
                        "Contact.Location__c",
                        "Dreamhouse_Settings__c.Einstein_Vision_Email__c",
                        "Dreamhouse_Settings__c.LIFX_Token__c",
                        "Dreamhouse_Settings__c.LIFX_URL__c",
                        "Dreamhouse_Settings__c.Light_Service_URL__c",
                        "Dreamhouse_Settings__c.Push_Server_URL__c",
                        "Dreamhouse_Settings__c.Slack_Opportunity_Webhook_URL__c",
                        "Dreamhouse_Settings__c.Slack_Property_Webhook_URL__c",
                        "Property_Favorite__c.Property__c",
                        "Property_Favorite__c.User__c",
                        "Property__c.Address__c",
                        "Property__c.Asking_Price__c",
                        "Property__c.Assessed_Value__c",
                        "Property__c.Baths__c",
                        "Property__c.Beds__c",
                        "Property__c.Broker__c",
                        "Property__c.City__c",
                        "Property__c.Date_Agreement__c",
                        "Property__c.Date_Closed__c",
                        "Property__c.Date_Contracted__c",
                        "Property__c.Date_Listed__c",
                        "Property__c.Date_Pre_Market__c",
                        "Property__c.Days_On_Market__c",
                        "Property__c.Description__c",
                        "Property__c.Location__c",
                        "Property__c.Picture_IMG__c",
                        "Property__c.Picture__c",
                        "Property__c.Predicted_Days_on_Market__c",
                        "Property__c.Price_Sold__c",
                        "Property__c.Price__c",
                        "Property__c.Record_Link__c",
                        "Property__c.State__c",
                        "Property__c.Status__c",
                        "Property__c.Tags__c",
                        "Property__c.Thumbnail_IMG__c",
                        "Property__c.Thumbnail__c",
                        "Property__c.Title__c",
                        "Property__c.Zip__c"
                    ]
                },
                {
                    "name": "ListView",
                    "members": [
                        "Bot_Command__c.All",
                        "Broker__c.All",
                        "Property_Favorite__c.All",
                        "Property__c.All"
                    ]
                },
                {
                    "name": "CompactLayout",
                    "members": [
                        "Broker__c.Broker_Compact",
                        "Property__c.Property_Compact_Layout"
                    ]
                },
                {
                    "name": "PathAssistant",
                    "members": "Property_Status"
                },
                {
                    "name": "PermissionSet",
                    "members": "dreamhouse"
                },
                {
                    "name": "QuickAction",
                    "members": [
                        "LogACall",
                        "NewCase",
                        "NewContact",
                        "NewEvent",
                        "NewLead",
                        "NewOpportunity",
                        "NewTask",
                        "Property__c.Smart_Home",
                        "SendEmail"
                    ]
                },
                {
                    "name": "RemoteSiteSetting",
                    "members": [
                        "Einstein_Vision",
                        "LIFX",
                        "PushServer",
                        "Slack"
                    ]
                },
                {
                    "name": "Report",
                    "members": [
                        "DreamHouse_Reports",
                        "DreamHouse_Reports/Days_on_Market",
                        "DreamHouse_Reports/Portfolio_Health",
                        "DreamHouse_Reports/Properties_by_Broker"
                    ]
                },
                {
                    "name": "StaticResource",
                    "members": [
                        "botCommands",
                        "brokers",
                        "leaflet",
                        "nouislider",
                        "properties"
                    ]
                },
                {
                    "name": "CustomTab",
                    "members": [
                        "Bot_Command__c",
                        "Broker__c",
                        "Einstein_Vision",
                        "Property_Explorer",
                        "Property_Finder",
                        "Property__c",
                        "Sample_Data_Import"
                    ]
                },
                {
                    "name": "ApexTrigger",
                    "members": [
                        "InitPropertyDateListed",
                        "PushNotificationTrigger",
                        "RejectDuplicatePropertyFavorite"
                    ]
                },
                {
                    "name": "Workflow",
                    "members": "Property__c"
                },
                {
                    "name": "WorkflowFieldUpdate",
                    "members": "*"
                },
                {
                    "name": "WorkflowKnowledgePublish",
                    "members": "*"
                },
                {
                    "name": "WorkflowTask",
                    "members": "*"
                },
                {
                    "name": "WorkflowAlert",
                    "members": "*"
                },
                {
                    "name": "WorkflowSend",
                    "members": "*"
                },
                {
                    "name": "WorkflowOutboundMessage",
                    "members": "*"
                },
                {
                    "name": "WorkflowRule",
                    "members": "*"
                }
            ],
            "version": "45.0"
        }
    },
    "metadataCount": 204,
    "package_version_id": "04t2w000009F5bxAAC",
    "isDependencyValidated": true,
    "test_coverage": 0,
    "has_passed_coverage_check": false,
    "sourceDir": "source",
    "creation_details": {
        "creation_time": 228262,
        "timestamp": 1608273295740
    }
}