{
    "name": "dreamhouse",
    "to": "b3f7877",
    "commits": [
        {
            "commitId": "29b464cc",
            "date": "2019-09-29T11:04:32+02:00",
            "author": "René Winkelmeyer",
            "message": "Remove mobileReady metadata leftovers (#82)",
            "body": ""
        },
        {
            "commitId": "429224cb",
            "date": "2019-07-09T20:51:12-07:00",
            "author": "clairebianchi",
            "message": "Removed reference to mobileReady in Sample_Data_Import.tab-meta.xml (#79)",
            "body": ""
        },
        {
            "commitId": "be6efdd8",
            "date": "2019-07-09T20:50:41-07:00",
            "author": "clairebianchi",
            "message": "removed reference to mobileReady in Broker__c.tab-meta.xml (#78)",
            "body": ""
        },
        {
            "commitId": "12a166d0",
            "date": "2019-07-09T20:50:25-07:00",
            "author": "clairebianchi",
            "message": "removed reference to mobileReady (#77)",
            "body": ""
        },
        {
            "commitId": "4feef89f",
            "date": "2019-07-09T20:50:10-07:00",
            "author": "clairebianchi",
            "message": "Remove reference to mobileReady (#76)",
            "body": ""
        },
        {
            "commitId": "f3f5c318",
            "date": "2019-07-09T20:49:47-07:00",
            "author": "clairebianchi",
            "message": "Removed reference to mobileReady (#75)",
            "body": ""
        },
        {
            "commitId": "0550f500",
            "date": "2018-11-13T11:17:15-05:00",
            "author": "Christophe Coenraets",
            "message": "reset voiceinput field in bot",
            "body": ""
        },
        {
            "commitId": "e6dfb846",
            "date": "2018-11-13T11:05:06-05:00",
            "author": "Christophe Coenraets",
            "message": "fix VoinceInputHelper text visibility",
            "body": ""
        },
        {
            "commitId": "098e1c90",
            "date": "2018-10-17T10:09:32-07:00",
            "author": "Zayne Turner",
            "message": "Removing unneeded metadata",
            "body": ""
        },
        {
            "commitId": "50ed85af",
            "date": "2018-10-15T17:20:18+02:00",
            "author": "muenzpraeger",
            "message": "Updated Flows for Winter '19",
            "body": ""
        },
        {
            "commitId": "d5c9d970",
            "date": "2018-10-15T05:45:37+02:00",
            "author": "muenzpraeger",
            "message": "Remove boilerplate files",
            "body": ""
        },
        {
            "commitId": "54141db1",
            "date": "2018-10-11T16:56:49-04:00",
            "author": "Christophe Coenraets",
            "message": "replace setSorable() with @AuraEnabled(cacheable=true)",
            "body": ""
        },
        {
            "commitId": "ada48be9",
            "date": "2018-10-11T16:56:03-04:00",
            "author": "Christophe Coenraets",
            "message": "replace setSorable() with @AuraEnabled(cacheable=true)",
            "body": ""
        },
        {
            "commitId": "70e5e6c6",
            "date": "2018-10-09T07:14:25+02:00",
            "author": "muenzpraeger",
            "message": "Fixed deprecated SLDS BEM syntax",
            "body": ""
        },
        {
            "commitId": "9f4b7d75",
            "date": "2018-10-02T20:44:26-04:00",
            "author": "Christophe Coenraets",
            "message": "tweak lightning:map",
            "body": ""
        },
        {
            "commitId": "7ec19f92",
            "date": "2018-10-02T18:09:33-04:00",
            "author": "Christophe Coenraets",
            "message": "bump version",
            "body": ""
        },
        {
            "commitId": "973b6ad5",
            "date": "2018-10-02T18:05:40-04:00",
            "author": "Christophe Coenraets",
            "message": "adding RecordMap based on lightning:map to replace MapCard",
            "body": ""
        },
        {
            "commitId": "cf84c24f",
            "date": "2018-10-02T15:16:29-04:00",
            "author": "Christophe Coenraets",
            "message": "randomize Date_Listed__c on data import",
            "body": ""
        },
        {
            "commitId": "114400ea",
            "date": "2018-10-02T14:09:00-04:00",
            "author": "Christophe Coenraets",
            "message": "fixing bot with new navigation urls",
            "body": ""
        },
        {
            "commitId": "5f19666a",
            "date": "2018-10-02T09:45:48-04:00",
            "author": "Christophe Coenraets",
            "message": "data import tweaks",
            "body": ""
        },
        {
            "commitId": "68352ca3",
            "date": "2018-10-01T22:50:15-04:00",
            "author": "Christophe Coenraets",
            "message": "new sample data importer",
            "body": ""
        },
        {
            "commitId": "53a0ad44",
            "date": "2018-09-03T08:56:46+02:00",
            "author": "muenzpraeger",
            "message": "Removed unneeded QuickActions",
            "body": "Fixes #43\n"
        },
        {
            "commitId": "9e173c38",
            "date": "2018-09-03T08:24:48+02:00",
            "author": "muenzpraeger",
            "message": "Removed empty smart home tab element",
            "body": ""
        },
        {
            "commitId": "6e1a67fb",
            "date": "2018-08-26T11:33:30-04:00",
            "author": "Christophe Coenraets",
            "message": "adding BrokerDetails, example using recordForm",
            "body": ""
        },
        {
            "commitId": "ebf1d552",
            "date": "2018-08-24T11:41:52-04:00",
            "author": "Christophe Coenraets",
            "message": "fix bot input field color issue",
            "body": ""
        },
        {
            "commitId": "3fa01b50",
            "date": "2018-06-13T10:35:10+03:00",
            "author": "muenzpraeger",
            "message": "Removed unused Aura files",
            "body": ""
        },
        {
            "commitId": "c4117904",
            "date": "2018-05-08T10:11:23+02:00",
            "author": "Christophe Coenraets",
            "message": "readme edits",
            "body": ""
        },
        {
            "commitId": "e672ee6e",
            "date": "2018-05-08T09:46:59+02:00",
            "author": "Christophe Coenraets",
            "message": "readme edits",
            "body": ""
        },
        {
            "commitId": "7217786f",
            "date": "2018-05-03T09:34:15-04:00",
            "author": "Christophe Coenraets",
            "message": "bump version",
            "body": ""
        },
        {
            "commitId": "e8bfb07d",
            "date": "2018-05-03T08:56:24-04:00",
            "author": "Christophe Coenraets",
            "message": "cleanup",
            "body": ""
        },
        {
            "commitId": "5fd2f540",
            "date": "2018-05-03T08:36:34-04:00",
            "author": "Christophe Coenraets",
            "message": "cleanup",
            "body": ""
        },
        {
            "commitId": "6b2225cf",
            "date": "2018-05-03T07:04:00-04:00",
            "author": "Christophe Coenraets",
            "message": "cleanup",
            "body": ""
        },
        {
            "commitId": "9baf785a",
            "date": "2018-04-18T09:34:32-04:00",
            "author": "Christophe Coenraets",
            "message": "wip",
            "body": ""
        },
        {
            "commitId": "79a7b95b",
            "date": "2018-04-04T14:56:10-04:00",
            "author": "Christophe Coenraets",
            "message": "fix",
            "body": ""
        },
        {
            "commitId": "ddca98ea",
            "date": "2018-04-04T14:26:06-04:00",
            "author": "Christophe Coenraets",
            "message": "adding lDS to carousel",
            "body": ""
        },
        {
            "commitId": "04537f42",
            "date": "2018-04-03T18:09:58-04:00",
            "author": "Christophe Coenraets",
            "message": "add server",
            "body": ""
        },
        {
            "commitId": "d64515ee",
            "date": "2018-04-03T15:20:36-04:00",
            "author": "Christophe Coenraets",
            "message": "cosmetic changes",
            "body": ""
        },
        {
            "commitId": "f5b84a6b",
            "date": "2018-04-02T09:22:23-04:00",
            "author": "Christophe Coenraets",
            "message": "tdx changes",
            "body": ""
        },
        {
            "commitId": "e645b952",
            "date": "2018-02-28T18:21:42-08:00",
            "author": "Zayne Turner",
            "message": "Additional fixes",
            "body": ""
        },
        {
            "commitId": "1eb40ca4",
            "date": "2018-02-28T17:54:50-08:00",
            "author": "Zayne Turner",
            "message": "Fix for issue with external sharing",
            "body": ""
        },
        {
            "commitId": "30af2f70",
            "date": "2018-02-07T20:50:50-05:00",
            "author": "Christophe Coenraets",
            "message": "removing heatmap",
            "body": ""
        },
        {
            "commitId": "0b9135d8",
            "date": "2018-01-11T14:33:05-05:00",
            "author": "Christophe Coenraets",
            "message": "add mortgage calc to property record page",
            "body": ""
        },
        {
            "commitId": "320e6f5e",
            "date": "2018-01-11T00:11:47-05:00",
            "author": "Christophe Coenraets",
            "message": "fixed app xml file for sourceApiVersion 42.0",
            "body": ""
        },
        {
            "commitId": "2b01fde0",
            "date": "2018-01-10T18:10:26-05:00",
            "author": "Christophe Coenraets",
            "message": "adding formattedAddress",
            "body": ""
        },
        {
            "commitId": "bad706f2",
            "date": "2018-01-07T08:36:33-05:00",
            "author": "Christophe Coenraets",
            "message": "updates",
            "body": ""
        },
        {
            "commitId": "3590e559",
            "date": "2018-01-03T18:28:56-05:00",
            "author": "Christophe Coenraets",
            "message": "cleanup",
            "body": ""
        },
        {
            "commitId": "863fda74",
            "date": "2018-01-02T17:08:16-05:00",
            "author": "Christophe Coenraets",
            "message": "edit readme",
            "body": ""
        },
        {
            "commitId": "1b28220d",
            "date": "2018-01-02T11:35:23-05:00",
            "author": "Christophe Coenraets",
            "message": "custom page templates and other changes",
            "body": ""
        },
        {
            "commitId": "76846770",
            "date": "2017-10-08T22:03:14-04:00",
            "author": "Christophe Coenraets",
            "message": "Winter 18 changes",
            "body": ""
        },
        {
            "commitId": "3c5b8ee5",
            "date": "2017-07-27T11:08:20-04:00",
            "author": "Christophe Coenraets",
            "message": "change default Date Listed value",
            "body": ""
        },
        {
            "commitId": "cc1077bc",
            "date": "2017-07-27T10:46:06-04:00",
            "author": "Christophe Coenraets",
            "message": "remove Data Import tab",
            "body": ""
        },
        {
            "commitId": "a60dddf4",
            "date": "2017-07-27T10:37:10-04:00",
            "author": "Christophe Coenraets",
            "message": "add default value for date_listed",
            "body": ""
        },
        {
            "commitId": "ba139419",
            "date": "2017-07-26T11:22:09-04:00",
            "author": "Christophe Coenraets",
            "message": "update permission set",
            "body": ""
        },
        {
            "commitId": "58cdd508",
            "date": "2017-07-26T11:15:32-04:00",
            "author": "Christophe Coenraets",
            "message": "first commit",
            "body": ""
        }
    ]
}